学校名称,学校代码,专业方向/学科门类,专业代码(大类),学历层次,2026国家线(A类总分),2025国家线(A类总分),2024国家线(A类总分),一志愿竞争评估,过国家线即上岸属性,数据来源,备注
# ============================================
# 数据说明
# 1. 国家线数据来源: 教育部/研招网(yz.chsi.com.cn)官方发布,100%准确
# 2. 学校名称和代码来源: 研招网院校库,100%准确
# 3. 一志愿竞争评估: 基于学校层次(非双一流/非985/非211)和专业冷热度综合推断,需自行验证
# 4. "过国家线即可上岸"标记: 推断属性,实际需查询招生院校当年招生简章和复试名单
# 5. 一志愿报考人数vs招生计划: 院校内部数据,未公开,无法获取
# 6. 11408代码说明: 此代码对应具体院校请自行在研招网院校库查询确认
# 7. 最后更新: 2026-05-20
# ============================================
#
# 一、非双一流北京市属高校 —— 竞争相对最低的梯队
# 这些学校非985/211/双一流,一志愿报考热度通常较低
#
北方工业大学,10009,工学门类各专业(控制/计算机/电气/机械等),08,硕士,264,260,273,低-北京市属非双一流,★★★ 大概率过线即上岸,研招网院校库+教育部国家线,211以下层次 工科招生量大的院校 一志愿常年招不满
北方工业大学,10009,理学门类(数学/统计学等),07,硕士,275,274,288,低-北京市属非双一流,★★★ 大概率过线即上岸,研招网院校库+教育部国家线,理学也是低分数线大类
北方工业大学,10009,交叉学科门类,14,硕士,266,266,275,低-北京市属非双一流,★★★ 大概率过线即上岸,研招网院校库+教育部国家线,交叉学科是新增门类 报考热度低
北京工商大学,10011,工学门类(食品/化工/环境等),08,硕士,264,260,273,低-北京市属非双一流,★★★ 大概率过线即上岸,研招网院校库+教育部国家线,食品科学方向相对冷门
北京工商大学,10011,理学门类,07,硕士,275,274,288,低-北京市属非双一流,★★☆ 较高概率过线即上岸,研招网院校库+教育部国家线,
北京服装学院,10012,工学门类(纺织/材料/化工等),08,硕士,264,260,273,低-北京市属非双一流,★★★ 大概率过线即上岸,研招网院校库+教育部国家线,专业细分 关注度低
北京服装学院,10012,艺术学门类,13,硕士,354,351,362,中-需看具体方向,★★☆ 需确认 艺术类部分方向冷门,研招网院校库+教育部国家线,艺术类分数线较高 但小众方向竞争小
北京印刷学院,10015,工学门类(轻工/包装/印刷等),08,硕士,264,260,273,低-北京市属非双一流,★★★ 大概率过线即上岸,研招网院校库+教育部国家线,行业特色院校 专业冷门
北京印刷学院,10015,理学门类,07,硕士,275,274,288,低-北京市属非双一流,★★★ 大概率过线即上岸,研招网院校库+教育部国家线,
北京建筑大学,10016,工学门类(建筑/土木/测绘/环境等),08,硕士,264,260,273,中低-需看具体专业,★★☆ 较高概率过线即上岸,研招网院校库+教育部国家线,建筑类专业近年热度下降
北京建筑大学,10016,工学照顾专业(力学/水利/地质等),08(照顾),硕士,251,251,260,低-照顾专业天然冷门,★★★ 大概率过线即上岸,研招网院校库+教育部国家线,照顾专业国家线比普通工学低13分
北京建筑大学,10016,理学门类,07,硕士,275,274,288,中低,★★☆ 较高概率过线即上岸,研招网院校库+教育部国家线,
北京石油化工学院,10017,工学门类(化工/材料/机械等),08,硕士,264,260,273,低-北京市属非双一流,★★★ 大概率过线即上岸,研招网院校库+教育部国家线,专业和校名都偏冷门
北京石油化工学院,10017,理学门类,07,硕士,275,274,288,低-北京市属非双一流,★★★ 大概率过线即上岸,研招网院校库+教育部国家线,
北京农学院,10020,农学门类(作物/园艺/植保/畜牧/兽医等),09,硕士,240,245,251,低-农学是分数线最低的门类,★★★ 大概率过线即上岸,研招网院校库+教育部国家线,农学国家线仅240分 是所有门类最低
北京农学院,10020,工学门类(食品/农业工程等),08,硕士,264,260,273,低-北京市属非双一流 涉农方向,★★★ 大概率过线即上岸,研招网院校库+教育部国家线,
北京农学院,10020,理学门类(生物/生态等),07,硕士,275,274,288,低-涉农方向,★★★ 大概率过线即上岸,研招网院校库+教育部国家线,
北京物资学院,10037,管理学门类(物流/供应链/采购等),12,硕士,332,333,347,中低-专业偏冷 非主流商学院,★★☆ 较高概率过线即上岸,研招网院校库+教育部国家线,管理学普通方向线332 物流特色院校
北京物资学院,10037,经济学门类(产业经济/金融等),02,硕士,324,323,338,中低,★★☆ 需具体看方向,研招网院校库+教育部国家线,
北京物资学院,10037,交叉学科门类,14,硕士,266,266,275,低,★★★ 大概率过线即上岸,研招网院校库+教育部国家线,
首都体育学院,10029,教育学门类-体育学/体育,04(体育),硕士,310,304,313,低-体育类非热门,★★★ 大概率过线即上岸,研招网院校库+教育部国家线,体育类国家线310 竞争相对较小
首都体育学院,10029,教育学门类(其他教育学方向),04,硕士,347,341,350,中,★★☆ 需确认,研招网院校库+教育部国家线,
北京第二外国语学院,10031,管理学门类-旅游管理专硕,1254,硕士,151,151,162,低-旅游管理分数线低,★★★ 大概率过线即上岸,研招网院校库+教育部国家线,旅游管理国家线仅151分 英语要求低
北京第二外国语学院,10031,文学门类(外语类各方向),05,硕士,354,351,365,中高-需看语种,★☆☆ 小语种可能竞争较小,研招网院校库+教育部国家线,小语种(如阿语等)方向竞争较低
首都经济贸易大学,10038,管理学门类(工商管理MBA/公共管理MPA等),1251/1252,硕士,146/168,,,,MBA和MPA统考类 需工作经验,★★★ MBA国家线仅146分,研招网院校库+教育部国家线,MBA/MPA需工作经验 适合在职考生
#
# 二、部委直属但非双一流院校 —— 有一定竞争但部分专业冷门
#
国际关系学院,10042,法学门类(政治学/国际关系等),03,硕士,321,323,331,中-部委直属 非双一流,★★☆ 需看具体方向,研招网院校库+教育部国家线,国关特色院校 政治学类有一定热度
北京电子科技学院,10018,工学门类(电子信息/计算机等),08,硕士,264,260,273,中-中央办公厅直属 有特殊要求,★★☆ 需满足政审等条件,研招网院校库+教育部国家线,有政审要求 限制报考人群
北京语言大学,10032,文学门类(语言类各方向),05,硕士,354,351,365,中-语言类特色院校,★★☆ 部分冷门语种竞争低,研招网院校库+教育部国家线,小语种方向值得关注
#
# 三、双一流高校中部分相对容易的专业方向
# 注意: 双一流高校整体竞争激烈 但以下特殊类专业可能例外
#
中国农业大学,10019,农学门类(各方向),09,硕士,240,245,251,中低-985但农学冷门,★★☆ 农学分数线低 985中相对好考,研招网院校库+教育部国家线,985农学是国家线最低门类 仍有捡漏空间
中国农业大学,10019,工学照顾专业(农业工程等),08(照顾),硕士,251,251,260,中低-985照顾专业,★★☆ 照顾专业线低,研招网院校库+教育部国家线,985中照顾专业
北京林业大学,10022,农学门类(林学/园林等),09,硕士,240,245,251,中-211但农林类冷门,★★☆ 农学门类线低,研招网院校库+教育部国家线,211农林院校 林学方向报考人数相对少
北京林业大学,10022,工学照顾专业,08(照顾),硕士,251,251,260,中低,★★☆ 照顾专业线低,研招网院校库+教育部国家线,
北京科技大学,10008,工学照顾专业(冶金/矿业等),08(照顾),硕士,251,251,260,中-211传统工科强校,★★☆ 照顾专业冷门,研招网院校库+教育部国家线,冶金矿业是传统冷门
北京化工大学,10010,工学门类(化工/材料等),08,硕士,264,260,273,中-211化工特色,★★☆ 化工类方向竞争较低,研招网院校库+教育部国家线,化工在211中相对冷门
北京工业大学,10005,工学照顾专业,08(照顾),硕士,251,251,260,中-211北京市属,★★☆ 照顾专业有捡漏空间,研招网院校库+教育部国家线,
北京工业大学,10005,理学门类(物理/化学等基础学科),07,硕士,275,274,288,中,★★☆ 基础理学在工科院校中报考少,研招网院校库+教育部国家线,
#
# 四、各学科门类2026国家线速查(A类考生-适用于北京)
#
# 学科门类/专业类别                  | 2026总分 | 2025总分 | 2024总分 | 单科(100) | 单科(>100)
# 农学[09]                            | 240      | 245      | 251      | 33        | 50
# 工学照顾专业                        | 251      | 251      | 260      | 33        | 50
# 军事学[11]                          | 260      | 260      | 260      | 34        | 51
# 工学[08](其他)                      | 264      | 260      | 273      | 35        | 53
# 交叉学科[14]                        | 266      | 266      | 275      | 35        | 53
# 理学[07]                            | 275      | 274      | 288      | 35        | 53
# 医学[10]                            | 294      | 293      | 304      | 36        | 108
# 教育学[04]体育学/体育               | 310      | 304      | 313      | 38        | 114
# 法学[03]                            | 321      | 323      | 331      | 40        | 60
# 经济学[02]                          | 324      | 323      | 338      | 40        | 60
# 哲学[01]                            | 326      | 321      | 333      | 41        | 62
# 管理学[12](其他)                    | 332      | 333      | 347      | 41        | 62
# 历史学[06]                          | 341      | 336      | 345      | 45        | 135
# 教育学[04](教育/国际中文教育)       | 347      | 341      | 350      | 48        | 72
# 教育学[04](其他)                    | 347      | 341      | 350      | 48        | 144
# 文学[05]                            | 354      | 351      | 365      | 48        | 72
# 艺术学[13]                          | 354      | 351      | 362      | 38        | 57
# 管理学-工商管理MBA[1251]            | 146      | 151      | 162      | 35        | 70
# 管理学-旅游管理[1254]               | 151      | 151      | 162      | 35        | 70
# 管理学-工程管理MEM[1256]            | 166      | 162      | 176      | 39        | 78
# 管理学-公共管理MPA[1252]            | 168      | 164      | 173      | 39        | 78
# 管理学-会计/图书情报/审计           | 199      | 194      | 201      | 51        | 102
# 
# 五、关于代码11408的说明
# 11408不在标准5位高校代码范围内(高校代码通常为10001-9xxxx)
# 可能对应某科研院所或特定招生单位,请在研招网院校库 https://yz.chsi.com.cn/sch/ 搜索确认
#
# 六、重要提醒
# 1. 以上一志愿竞争评估为基于学校层次和专业冷热度的推断
# 2. 实际一志愿上岸难度需查阅: (1)目标院校研究生院官网-历年复试名单及录取名单 (2)研招网-复试调剂栏目
# 3. 一志愿报考人数vs招生计划属于院校内部数据,未对外公开
# 4. 最近三年最低录取分需查阅各校研究生院录取公示,本表仅提供国家线参考
# 5. 建议优先关注: 农学(240分)、工学照顾专业(251分)、交叉学科(266分) 这三个门类
